{
    "sets": [
        {
            "end_time": 1586205598,
            "finished": true,
            "generation_count": 3,
            "generation_simulated": 3,
            "id": 1,
            "progress": 1,
            "start_time": 1586205592,
            "vehicle_count": 50
        }
    ],
    "simulations": [
        {
            "end_time": 1586205596,
            "id": 1,
            "result": 0.39102375507354736,
            "set_id": 1,
            "simulated_time": 127.86946868896484,
            "start_time": 1586205592,
            "vehicle_count": 50
        },
        {
            "end_time": 1586205597,
            "id": 2,
            "result": 0.4335499107837677,
            "set_id": 1,
            "simulated_time": 115.32697296142578,
            "start_time": 1586205596,
            "vehicle_count": 50
        },
        {
            "end_time": 1586205598,
            "id": 3,
            "result": 0.39657726883888245,
            "set_id": 1,
            "simulated_time": 126.0788345336914,
            "start_time": 1586205597,
            "vehicle_count": 50
        }
    ]
}
